{"Problem":"Landau singularity classifier","Topology":"triangle","Inputs":{"InternalMasses":[0.7,0.8,0.9],"ExternalSquares":[1.0,1.0,4.0],"ScanIndex":3,"ScanRange":[0.1,6.0,200],"ScanValue":null,"workingPrecision":100,"nullTolerance":1.0e-9,"alphaTolerance":5.0e-9},"Singularities":[[{"location":2.4431032724571953,"determinant":-4.986156921041815e-13,"derivative":0,"singularValue":1.471027894930058734579259145773631824631411090584064651096445317828843416781408631382678802034121917e-13,"alphaRaw":[0.742984451190623,-0.287884723592541,0.604232150097142],"alphaL1":[0.454396580740959,-0.176065372348478,0.369538046910563],"alphaSum1":[0.701370804404684,-0.271760653723447,0.570389849318764],"classification":"sign-indefinite","minEntry":-0.1760653723484781632140064071660249217578214867776571899797973514493450945736222331339431781334030075,"maxEntry":0.4543965807409592257996808597100630854792901304396838811862759236728744308320509381344756851198537901,"residual":4.986156921041815e-13}]],"Diagnostics":{"rootCount":1,"extraPointsCount":0,"classifiedCount":1,"precision":100,"nullTolerance":1.0e-9,"alphaTolerance":5.0e-9}}
