{"topology":"triangle","internalMasses":[0.7,0.8,0.9],"externalSquares":[1.0,1.0,4.0],"determinant":"-7.840800000000002","evaluation":null,"scan":{"variableIndex":3,"gridValues":[0.1,0.12964824120603016,0.1592964824120603,0.18894472361809048,0.2185929648241206,0.24824120603015076,0.2778894472361809,0.3075376884422111,0.3371859296482412,0.3668341708542714,0.39648241206030155,0.42613065326633165,0.4557788944723618,0.485427135678392,0.5150753768844221,0.5447236180904523,0.5743718592964824,0.6040201005025125,0.6336683417085427,0.663316582914573,0.6929648241206031,0.7226130653266332,0.7522613065326633,0.7819095477386935,0.8115577889447236,0.8412060301507537,0.870854271356784,0.900502512562814,0.9301507537688443,0.9597989949748744,0.9894472361809047,1.0190954773869347,1.048743718592965,1.078391959798995,1.1080402010050252,1.1376884422110554,1.1673366834170855,1.1969849246231155,1.2266331658291458,1.2562814070351758,1.2859296482412061,1.3155778894472363,1.3452261306532662,1.3748743718592966,1.4045226130653266,1.434170854271357,1.4638190954773869,1.493467336683417,1.5231155778894474,1.5527638190954773,1.5824120603015075,1.6120603015075377,1.641708542713568,1.671356783919598,1.7010050251256281,1.7306532663316585,1.7603015075376884,1.7899497487437188,1.8195979899497488,1.849246231155779,1.8788944723618093,1.9085427135678392,1.9381909547738694,1.9678391959798995,1.9974874371859295,2.0271356783919603,2.05678391959799,2.08643216080402,2.1160804020100503,2.1457286432160805,2.1753768844221106,2.205025125628141,2.234673366834171,2.264321608040201,2.2939698492462313,2.3236180904522614,2.3532663316582916,2.3829145728643217,2.412562814070352,2.4422110552763816,2.471859296482412,2.5015075376884424,2.5311557788944725,2.5608040201005027,2.5904522613065324,2.620100502512563,2.649748743718593,2.6793969849246233,2.709045226130653,2.738693467336683,2.7683417085427138,2.797989949748744,2.827638190954774,2.857286432160804,2.886934673366834,2.9165829145728646,2.9462311557788947,2.9758793969849244,3.0055276381909546,3.0351758793969847,3.064824120603015,3.0944723618090455,3.124120603015075,3.1537688442211054,3.183417085427136,3.2130653266331657,3.242713567839196,3.272361809045226,3.302010050251256,3.3316582914572868,3.3613065326633174,3.3909547738693466,3.420603015075377,3.450251256281407,3.4798994974874375,3.5095477386934677,3.5391959798994974,3.5688442211055276,3.5984924623115577,3.6281407035175883,3.6577889447236185,3.687437185929648,3.7170854271356784,3.7467336683417085,3.776381909547739,3.8060301507537693,3.835678391959799,3.865326633165829,3.8949748743718593,3.9246231155778895,3.95427135678392,3.9839195979899498,4.0135678391959795,4.04321608040201,4.072864321608041,4.102512562814071,4.1321608040201,4.16180904522613,4.19145728643216,4.2211055276381915,4.250753768844222,4.280402010050251,4.310050251256282,4.339698492462311,4.369346733668342,4.398994974874372,4.428643216080402,4.458291457286432,4.487939698492462,4.517587939698493,4.547236180904523,4.576884422110553,4.6065326633165835,4.636180904522613,4.665829145728643,4.695477386934674,4.725125628140703,4.754773869346733,4.784422110552764,4.814070351758794,4.843718592964825,4.873366834170855,4.903015075376885,4.932663316582914,4.9623115577889445,4.9919597989949756,5.021608040201005,5.051256281407035,5.080904522613065,5.110552763819095,5.140201005025126,5.1698492462311565,5.199497487437186,5.229145728643216,5.258793969849246,5.288442211055277,5.318090452261306,5.347738693467336,5.377386934673367,5.407035175879397,5.436683417085428,5.466331658291458,5.495979899497487,5.5256281407035175,5.555276381909548,5.584924623115579,5.614572864321608,5.644221105527637,5.673869346733668,5.703517587939698,5.733165829145729,5.76281407035176,5.792462311557789,5.822110552763819,5.851758793969849,5.881407035175879,5.9110552763819095,5.94070351758794,5.97035175879397,6.0],"determinants":[0.10349999999999994,0.18998540945935719,0.2742205323097894,0.35620536855129903,0.43593991818388395,0.513424181207545,0.5886581576222819,0.6616418474280954,0.7323752506249839,0.800858367212949,0.86709119719199,0.9310737405621068,0.9928059973232995,1.0522879674755687,1.1095196510189134,1.1645010479533346,1.2172321582788312,1.267712981995404,1.3159435191030526,1.3619237696017779,1.4056537334915786,1.447133410772455,1.486362801444408,1.5233419055074366,1.5580707229615414,1.5905492538067219,1.6207774980429788,1.6487554556703115,1.67448312668872,1.6979605110982048,1.7191876088987654,1.7381644200904018,1.7548909446731142,1.7693671826469033,1.7815931340117674,1.791568798767708,1.7992941769147246,1.804769268452817,1.8079940733819855,1.8089685917022298,1.80769282341355,1.8041667685159468,1.7983904270094189,1.7903637988939674,1.7800868841695918,1.7675596828362918,1.7527821948940685,1.735754420342921,1.716476359182849,1.694948011413853,1.6711693770359335,1.6451404560490899,1.6168612484533216,1.5863317542486302,1.553551973435014,1.5185219060124744,1.4812415519810105,1.4417109113406226,1.3999299840913109,1.3558987702330745,1.3096172697659145,1.2610854826898308,1.210303409004823,1.157271048710891,1.1019884018080355,1.044455468296254,0.984672248175551,0.9226387414459225,0.8583549481073707,0.7918208681598944,0.7230365016034943,0.6520018484381702,0.5787169086639221,0.5031816822807499,0.42539616928865404,0.34536036968763373,0.2630742834776894,0.17853791065882113,9.175125123102887e-2,2.7143051943137836e-3,-8.857292745132764e-2,-0.182110446705892,-0.2778982525693804,-0.37593634504179285,-0.4762247241231275,-0.5787633898133895,-0.683552342112574,-0.7905915810206824,-0.8998811065377135,-1.0114209186636696,-1.125211017398552,-1.2412514027423562,-1.3595420746950848,-1.4800830332567356,-1.6028742784273122,-1.7279158102068148,-1.8552076285952392,-1.9847497335925859,-2.1165421251988583,-2.250584803414055,-2.3868777682381754,-2.5254210196712226,-2.666214557713189,-2.8092583823640815,-2.954552493623901,-3.1020968914926397,-3.251891575970304,-3.4039365470568925,-3.5582318047524044,-3.714777349056846,-3.873573179970207,-4.034619297492487,-4.197915701623695,-4.363462392363828,-4.531259369712891,-4.701306633670871,-4.873604184237771,-5.0481520214136,-5.2249501451983535,-5.403998555592034,-5.5852972525946365,-5.768846236206157,-5.954645506426606,-6.142695063255977,-6.332994906694281,-6.525545036741503,-6.720345453397641,-6.9173961566627105,-7.116697146536705,-7.318248423019622,-7.522049986111468,-7.728101835812226,-7.936403972121917,-8.14695639504053,-8.359759104568072,-8.574812100704536,-8.792115383449913,-9.011668952804223,-9.233472808767456,-9.45752695133962,-9.683831380520703,-9.9123860963107,-1.0143191098709636e1,-1.0376246387717483e1,-1.0611551963334268e1,-1.0849107825559969e1,-1.1088913974394588e1,-1.1330970409838137e1,-1.157527713189061e1,-1.1821834140552015e1,-1.2070641435822337e1,-1.2321699017701585e1,-1.2575006886189755e1,-1.283056504128684e1,-1.3088373482992857e1,-1.3348432211307808e1,-1.3610741226231662e1,-1.3875300527764452e1,-1.4142110115906164e1,-1.4411169990656807e1,-1.4682480152016375e1,-1.495604059998486e1,-1.5231851334562272e1,-1.5509912355748595e1,-1.5790223663543852e1,-1.607278525794804e1,-1.6357597138961143e1,-1.6644659306583172e1,-1.6933971760814124e1,-1.7225534501654003e1,-1.7519347529102816e1,-1.781541084316054e1,-1.8113724443827177e1,-1.8414288331102753e1,-1.8717102504987253e1,-1.9022166965480682e1,-1.932948171258302e1,-1.9639046746294284e1,-1.9950862066614487e1,-2.02649276735436e1,-2.0581243567081653e1,-2.0899809747228623e1,-2.1220626213984502e1,-2.1543692967349315e1,-2.1869010007323052e1,-2.2196577333905726e1,-2.25263949470973e1,-2.2858462846897805e1,-2.319278103330725e1,-2.3529349506325605e1,-2.3868168265952885e1,-2.42092373121891e1,-2.4552556645034223e1,-2.489812626448828e1,-2.5245946170551257e1,-2.559601636322316e1,-2.594833684250398e1,-2.630290760839374e1,-2.6659728660892405e1,-2.701880000000001e1],"zeroCandidates":[{"interval":[2.4422110552763816,2.471859296482412],"type":"bracket"}],"roots":[2.4431032724571953]}}
