{"status":"ok","parameters":{"massMin":0.7,"massMax":1.5e2,"nodes":18,"tailExponent":2.1,"capMultiplier":1.2,"precision":80},"totals":{"rho1":1.6,"rho2":3.0,"even":0.8,"odd":0.35},"masses":[0.7,0.9598763429062005,1.3162322766728314,1.8048860344968853,2.4749534373647784,3.3937846490297625,4.65373371074556,6.381441278756788,8.750563595891046,1.1999227118274328e1,1.64539632057001e1,2.2562528611715145e1,3.0938910643613777e1,4.242504057441961e1,5.817541827745867e1,7.977315391886509e1,1.0938909035104808e2,1.4999999999999997e2],"caps":{"rho1":[0.930644602968322,0.4795541370399525,0.2471106259238269,0.12733423971979674,6.561437228529665e-2,3.381059061464805e-2,1.7422342055499525e-2,8.977601313102268e-3,4.626090170900662e-3,2.3837893355846246e-3,1.228348645729199e-3,6.329587824482455e-4,3.2615888141475596e-4,1.6806720891722983e-4,8.660376375680652e-5,4.462626555866992e-5,2.299557768996396e-5,1.1849447554601267e-5],"rho2":[1.7449586305656037,0.8991640069499108,0.4633324236071754,0.23875169947461886,0.12302694803493121,6.339485740246509e-2,3.266689135406161e-2,1.6833002462066753e-2,8.67391907043874e-3,4.469605004221171e-3,2.303153710742248e-3,1.1867977170904602e-3,6.115479026526674e-4,3.151260167198059e-4,1.623820570440122e-4,8.367424792250609e-5,4.311670816868242e-5,2.2217714164877376e-5],"even":[0.465322301484161,0.23977706851997624,0.12355531296191345,6.366711985989837e-2,3.2807186142648326e-2,1.6905295307324025e-2,8.711171027749763e-3,4.488800656551134e-3,2.313045085450331e-3,1.1918946677923123e-3,6.141743228645995e-4,3.1647939122412275e-4,1.6307944070737798e-4,8.403360445861492e-5,4.330188187840326e-5,2.231313277933496e-5,1.149778884498198e-5,5.9247237773006336e-6],"odd":[0.20357850689932044,0.1049024674774896,5.4055449420837134e-2,2.7854364938705536e-2,1.4353143937408643e-2,7.3960666969542605e-3,3.8111373246405215e-3,1.963850287241121e-3,1.0119572248845198e-3,5.214539171591367e-4,2.687012662532623e-4,1.384597336605537e-4,7.134725530947787e-5,3.676470195064402e-5,1.8944573321801424e-5,9.761995590959045e-6,5.030282619679616e-6,2.5920666525690273e-6]},"ranges":{"a1":{"min":1.2703436675740085e2,"max":1.857224557580648e2},"a2":{"min":8.174831100855515e1,"max":1.404364000092191e2},"f2":{"min":2.9430586325696476e2,"max":4.302710287245664e2},"g2":{"min":1.7382440048614487e3,"max":2.5412882634044704e3}},"extremals":{"a1Min":{"status":"ok","tag":{"quantity":"a1","sense":"minimize"},"objectiveValue":1.2703436675740086e2,"a1":1.2703436675740085e2,"a2":9.024613385028024e1,"f2":2.9430586325696476e2,"g2":1.7382440048614487e3,"massMoments":{"meanMassRho1":1.2450245194082228,"meanMassRho2":1.2450245194082223,"meanMassEven":1.2450245194082228,"meanMassOdd":1.2450245194082228},"capSaturation":{"rho1":17,"rho2":17,"even":17,"odd":17},"solution":{"rho1":[0.6106446029683228,0.4795541370399525,0.2471106259238269,0.12733423971979674,6.561437228529665e-2,3.381059061464805e-2,1.7422342055499525e-2,8.977601313102268e-3,4.626090170900662e-3,2.3837893355846246e-3,1.228348645729199e-3,6.329587824482455e-4,3.2615888141475596e-4,1.6806720891722983e-4,8.660376375680652e-5,4.462626555866992e-5,2.299557768996396e-5,1.1849447554601267e-5],"rho2":[1.144958630565605,0.8991640069499108,0.4633324236071754,0.23875169947461886,0.12302694803493121,6.339485740246509e-2,3.266689135406161e-2,1.6833002462066753e-2,8.67391907043874e-3,4.469605004221171e-3,2.303153710742248e-3,1.1867977170904602e-3,6.115479026526674e-4,3.151260167198059e-4,1.623820570440122e-4,8.367424792250609e-5,4.311670816868242e-5,2.2217714164877376e-5],"even":[0.3053223014841614,0.23977706851997624,0.12355531296191345,6.366711985989837e-2,3.2807186142648326e-2,1.6905295307324025e-2,8.711171027749763e-3,4.488800656551134e-3,2.313045085450331e-3,1.1918946677923123e-3,6.141743228645995e-4,3.1647939122412275e-4,1.6307944070737798e-4,8.403360445861492e-5,4.330188187840326e-5,2.231313277933496e-5,1.149778884498198e-5,5.9247237773006336e-6],"odd":[0.13357850689932066,0.1049024674774896,5.4055449420837134e-2,2.7854364938705536e-2,1.4353143937408643e-2,7.3960666969542605e-3,3.8111373246405215e-3,1.963850287241121e-3,1.0119572248845198e-3,5.214539171591367e-4,2.687012662532623e-4,1.384597336605537e-4,7.134725530947787e-5,3.676470195064402e-5,1.8944573321801424e-5,9.761995590959045e-6,5.030282619679616e-6,2.5920666525690273e-6]}},"a1Max":{"status":"ok","tag":{"quantity":"a1","sense":"maximize"},"objectiveValue":1.857224557580648e2,"a1":1.857224557580648e2,"a2":1.31938577167494e2,"f2":4.302710287245664e2,"g2":2.5412882634044704e3,"massMoments":{"meanMassRho1":0.8509915236997218,"meanMassRho2":0.8509915236997216,"meanMassEven":0.8509915236997218,"meanMassOdd":0.8509915236997216},"capSaturation":{"rho1":2,"rho2":2,"even":2,"odd":2},"solution":{"rho1":[0.930644602968322,0.4795541370399525,0.1898012599917256,0.0,0.0,0.0,0.0,0.0,0.0,0.0,0.0,0.0,0.0,0.0,0.0,0.0,0.0,0.0],"rho2":[1.7449586305656037,0.8991640069499108,0.35587736248448554,0.0,0.0,0.0,0.0,0.0,0.0,0.0,0.0,0.0,0.0,0.0,0.0,0.0,0.0,0.0],"even":[0.465322301484161,0.23977706851997624,9.49006299958628e-2,0.0,0.0,0.0,0.0,0.0,0.0,0.0,0.0,0.0,0.0,0.0,0.0,0.0,0.0,0.0],"odd":[0.20357850689932044,0.1049024674774896,4.151902562318993e-2,0.0,0.0,0.0,0.0,0.0,0.0,0.0,0.0,0.0,0.0,0.0,0.0,0.0,0.0,0.0]}},"a2Min":{"status":"ok","tag":{"quantity":"a2","sense":"minimize"},"objectiveValue":8.174831100855515e1,"a1":1.3553218959912596e2,"a2":8.174831100855515e1,"f2":4.302710287245664e2,"g2":1.7382440048614487e3,"massMoments":{"meanMassRho1":0.8509915236997218,"meanMassRho2":1.2450245194082223,"meanMassEven":1.2450245194082228,"meanMassOdd":1.2450245194082228},"capSaturation":{"rho1":2,"rho2":17,"even":17,"odd":17},"solution":{"rho1":[0.930644602968322,0.4795541370399525,0.1898012599917256,0.0,0.0,0.0,0.0,0.0,0.0,0.0,0.0,0.0,0.0,0.0,0.0,0.0,0.0,0.0],"rho2":[1.144958630565605,0.8991640069499108,0.4633324236071754,0.23875169947461886,0.12302694803493121,6.339485740246509e-2,3.266689135406161e-2,1.6833002462066753e-2,8.67391907043874e-3,4.469605004221171e-3,2.303153710742248e-3,1.1867977170904602e-3,6.115479026526674e-4,3.151260167198059e-4,1.623820570440122e-4,8.367424792250609e-5,4.311670816868242e-5,2.2217714164877376e-5],"even":[0.3053223014841614,0.23977706851997624,0.12355531296191345,6.366711985989837e-2,3.2807186142648326e-2,1.6905295307324025e-2,8.711171027749763e-3,4.488800656551134e-3,2.313045085450331e-3,1.1918946677923123e-3,6.141743228645995e-4,3.1647939122412275e-4,1.6307944070737798e-4,8.403360445861492e-5,4.330188187840326e-5,2.231313277933496e-5,1.149778884498198e-5,5.9247237773006336e-6],"odd":[0.13357850689932066,0.1049024674774896,5.4055449420837134e-2,2.7854364938705536e-2,1.4353143937408643e-2,7.3960666969542605e-3,3.8111373246405215e-3,1.963850287241121e-3,1.0119572248845198e-3,5.214539171591367e-4,2.687012662532623e-4,1.384597336605537e-4,7.134725530947787e-5,3.676470195064402e-5,1.8944573321801424e-5,9.761995590959045e-6,5.030282619679616e-6,2.5920666525690273e-6]}},"a2Max":{"status":"ok","tag":{"quantity":"a2","sense":"maximize"},"objectiveValue":1.404364000092191e2,"a1":1.772246329163397e2,"a2":1.404364000092191e2,"f2":2.9430586325696476e2,"g2":2.5412882634044704e3,"massMoments":{"meanMassRho1":1.2450245194082228,"meanMassRho2":0.8509915236997216,"meanMassEven":0.8509915236997218,"meanMassOdd":0.8509915236997216},"capSaturation":{"rho1":17,"rho2":2,"even":2,"odd":2},"solution":{"rho1":[0.6106446029683228,0.4795541370399525,0.2471106259238269,0.12733423971979674,6.561437228529665e-2,3.381059061464805e-2,1.7422342055499525e-2,8.977601313102268e-3,4.626090170900662e-3,2.3837893355846246e-3,1.228348645729199e-3,6.329587824482455e-4,3.2615888141475596e-4,1.6806720891722983e-4,8.660376375680652e-5,4.462626555866992e-5,2.299557768996396e-5,1.1849447554601267e-5],"rho2":[1.7449586305656037,0.8991640069499108,0.35587736248448554,0.0,0.0,0.0,0.0,0.0,0.0,0.0,0.0,0.0,0.0,0.0,0.0,0.0,0.0,0.0],