{"status":"ok","parameters":{"massMin":0.7,"massMax":1.2e2,"nodes":18,"tailExponent":4.5,"capMultiplier":3.0,"precision":80},"totals":{"rho1":2.0,"rho2":2.5,"even":0.5,"odd":0.6},"masses":[0.7,0.9473592484172427,1.282127922230976,1.7351939211135694,2.348360012806171,3.1782008239216584,4.301282776956406,5.821228598296359,7.878278213924285,1.0662228182236072e1,1.4429943538823299e1,1.9529057808061264e1,2.6430047896202588e1,3.5769643300826026e1,4.8409574848033415e1,6.551608349175886e1,8.866752516570575e1,1.1999999999999997e2],"caps":{"rho1":[4.462637497573728,1.1434485918570882,0.29298249811480565,7.507005108308415e-2,1.923498026632492e-2,4.928522899717045e-3,1.262821049812092e-3,3.2356895489723164e-4,8.290712970683007e-5,2.124305206724255e-5,5.443045281235952e-6,1.394655619155139e-6,3.573485421380386e-7,9.156237483597495e-8,2.346076028586433e-8,6.011282190711939e-9,1.5402533053518724e-9,3.946546126736403e-10],"rho2":[5.578296871967161,1.4293107398213603,0.366228122643507,9.383756385385518e-2,2.404372533290615e-2,6.160653624646306e-3,1.5785263122651153e-3,4.044611936215396e-4,1.036339121335376e-4,2.6553815084053188e-5,6.803806601544939e-6,1.7433195239439237e-6,4.466856776725482e-7,1.1445296854496868e-7,2.9325950357330412e-8,7.514102738389924e-9,1.9253166316898405e-9,4.933182658420504e-10],"even":[1.115659374393432,0.28586214796427206,7.324562452870141e-2,1.8767512770771037e-2,4.80874506658123e-3,1.2321307249292613e-3,3.15705262453023e-4,8.089223872430791e-5,2.0726782426707518e-5,5.310763016810637e-6,1.360761320308988e-6,3.4866390478878474e-7,8.933713553450965e-8,2.2890593708993737e-8,5.865190071466082e-9,1.5028205476779847e-9,3.850633263379681e-10,9.866365316841008e-11],"odd":[1.3387912492721183,0.3430345775571264,8.789474943444169e-2,2.252101532492524e-2,5.770494079897475e-3,1.4785568699151135e-3,3.788463149436276e-4,9.707068646916949e-5,2.487213891204902e-5,6.372915620172764e-6,1.6329135843707853e-6,4.1839668574654163e-7,1.0720456264141157e-7,2.7468712450792483e-8,7.038228085759298e-9,1.8033846572135816e-9,4.6207599160556165e-10,1.1839638380209208e-10]},"ranges":{"a1":{"min":9.821943042452165e1,"max":2.9907468588943124e2},"a2":{"min":2.7274052886082046e1,"max":2.2812930835099164e2},"f2":{"min":2.8062693807380157e2,"max":8.544991025412321e2},"g2":{"min":1.2908839487185448e3,"max":3.930695871689668e3}},"extremals":{"a1Min":{"status":"ok","tag":{"quantity":"a1","sense":"minimize"},"objectiveValue":9.821943042452165e1,"a1":9.821943042452165e1,"a2":6.314106316529646e1,"f2":2.8062693807380157e2,"g2":1.2908839487185448e3,"massMoments":{"meanMassRho1":0.991077051050894,"meanMassRho2":0.9910770510508939,"meanMassEven":0.9910764913994446,"meanMassOdd":0.9910764913994449},"capSaturation":{"rho1":17,"rho2":17,"even":17,"odd":17},"solution":{"rho1":[0.462637505519919,1.1434485918570882,0.29298249811480565,7.507005108308415e-2,1.923498026632492e-2,4.928522899717045e-3,1.262821049812092e-3,3.2356895489723164e-4,8.290712970683007e-5,2.124305206724255e-5,5.443045281235952e-6,1.394655619155139e-6,3.573485421380386e-7,9.156237483597495e-8,2.346076028586433e-8,0.0,0.0,0.0],"rho2":[0.5782968818998988,1.4293107398213603,0.366228122643507,9.383756385385518e-2,2.404372533290615e-2,6.160653624646306e-3,1.5785263122651153e-3,4.044611936215396e-4,1.036339121335376e-4,2.6553815084053188e-5,6.803806601544939e-6,1.7433195239439237e-6,4.466856776725482e-7,1.1445296854496868e-7,2.9325950357330412e-8,0.0,0.0,0.0],"even":[0.1156593822451698,0.28586214796427206,7.324562452870141e-2,1.8767512770771037e-2,4.80874506658123e-3,1.2321307249292613e-3,3.15705262453023e-4,8.089223872430791e-5,2.0726782426707518e-5,5.310763016810637e-6,1.360761320308988e-6,3.4866390478878474e-7,8.933713553450965e-8,2.2890593708993737e-8,0.0,0.0,0.0,0.0],"odd":[0.13879125869420383,0.3430345775571264,8.789474943444169e-2,2.252101532492524e-2,5.770494079897475e-3,1.4785568699151135e-3,3.788463149436276e-4,9.707068646916949e-5,2.487213891204902e-5,6.372915620172764e-6,1.6329135843707853e-6,4.1839668574654163e-7,1.0720456264141157e-7,2.7468712450792483e-8,0.0,0.0,0.0,0.0]}},"a1Max":{"status":"ok","tag":{"quantity":"a1","sense":"maximize"},"objectiveValue":2.9907468588943124e2,"a1":2.9907468588943124e2,"a2":1.9226229807177725e2,"f2":8.544991025412321e2,"g2":3.930695871689668e3,"massMoments":{"meanMassRho1":0.7,"meanMassRho2":0.7000000000000001,"meanMassEven":0.7,"meanMassOdd":0.7},"capSaturation":{"rho1":3,"rho2":3,"even":4,"odd":4},"solution":{"rho1":[2.0,0.0,0.0,0.0,0.0,0.0,0.0,0.0,0.0,0.0,0.0,0.0,0.0,0.0,0.0,0.0,0.0,0.0],"rho2":[2.5,0.0,0.0,0.0,0.0,0.0,0.0,0.0,0.0,0.0,0.0,0.0,0.0,0.0,0.0,0.0,0.0,0.0],"even":[0.5,0.0,0.0,0.0,0.0,0.0,0.0,0.0,0.0,0.0,0.0,0.0,0.0,0.0,0.0,0.0,0.0,0.0],"odd":[0.6,0.0,0.0,0.0,0.0,0.0,0.0,0.0,0.0,0.0,0.0,0.0,0.0,0.0,0.0,0.0,0.0,0.0]}},"a2Min":{"status":"ok","tag":{"quantity":"a2","sense":"minimize"},"objectiveValue":2.7274052886082057e1,"a1":1.3408644070373606e2,"a2":2.7274052886082046e1,"f2":8.544991025412321e2,"g2":1.2908839487185448e3,"massMoments":{"meanMassRho1":0.7,"meanMassRho2":0.9910770510508939,"meanMassEven":0.9910764913994446,"meanMassOdd":0.9910764913994449},"capSaturation":{"rho1":3,"rho2":17,"even":17,"odd":17},"solution":{"rho1":[2.0,0.0,0.0,0.0,0.0,0.0,0.0,0.0,0.0,0.0,0.0,0.0,0.0,0.0,0.0,0.0,0.0,0.0],"rho2":[0.5782968818998988,1.4293107398213603,0.366228122643507,9.383756385385518e-2,2.404372533290615e-2,6.160653624646306e-3,1.5785263122651153e-3,4.044611936215396e-4,1.036339121335376e-4,2.6553815084053188e-5,6.803806601544939e-6,1.7433195239439237e-6,4.466856776725482e-7,1.1445296854496868e-7,2.9325950357330412e-8,0.0,0.0,0.0],"even":[0.1156593822451698,0.28586214796427206,7.324562452870141e-2,1.8767512770771037e-2,4.80874506658123e-3,1.2321307249292613e-3,3.15705262453023e-4,8.089223872430791e-5,2.0726782426707518e-5,5.310763016810637e-6,1.360761320308988e-6,3.4866390478878474e-7,8.933713553450965e-8,2.2890593708993737e-8,0.0,0.0,0.0,0.0],"odd":[0.13879125869420383,0.3430345775571264,8.789474943444169e-2,2.252101532492524e-2,5.770494079897475e-3,1.4785568699151135e-3,3.788463149436276e-4,9.707068646916949e-5,2.487213891204902e-5,6.372915620172764e-6,1.6329135843707853e-6,4.1839668574654163e-7,1.0720456264141157e-7,2.7468712450792483e-8,0.0,0.0,0.0,0.0]}},"a2Max":{"status":"ok","tag":{"quantity":"a2","sense":"maximize"},"objectiveValue":2.2812930835099164e2,"a1":2.632076756102168e2,"a2":2.2812930835099164e2,"f2":2.8062693807380157e2,"g2":3.930695871689668e3,"massMoments":{"meanMassRho1":0.991077051050894,"meanMassRho2":0.7000000000000001,"meanMassEven":0.7,"meanMassOdd":0.7},"capSaturation":{"rho1":17,"rho2":3,"even":4,"odd":4},"solution":{"rho1":[0.462637505519919,1.1434485918570882,0.29298249811480565,7.507005108308415e-2,1.923498026632492e-2,4.928522899717045e-3,1.262821049812092e-3,3.2356895489723164e-4,8.290712970683007e-5,2.124305206724255e-5,5.443045281235952e-6,1.394655619155139e-6,3.573485421380386e-7,9.156237483597495e-8,2.346076028586433e-8,0.0,0.0,0.0],"rho2":[2.5,0.0,0.0,0.0,0.0,0.0,0.0,0.0,0.0,0.0,0.0,0.0,0.0,0.0,0.0,0.0,0.0,0.0],"even":[0.5,0.0,0.0,0.0,0.0,0.0,0.0,0.0,0.0,0.0,0.0,0.0,0.0,0.0,0.0,0.0,0.0,0.0],"odd":[0.6,0.0,0.0,0.0,0.0,0.0,0.0,0.0,0.0,0.0,0.0,0.0,0.0,0.0,0.0,0.0,0.0,0.0]}}},"directionScans":[{"status":"ok","tag":{"direction":[1.0,0.0],"sense":"minimize"},"objectiveValue":9.821943042452165e1,"a1":9.821943042452165e1,"a2":6.314106316529646e1,"f2":2.8062693807380157e2,"g2":1.2908839487185448e3,"massMoments":{"meanMassRho1":0.991077051050894,"meanMassRho2":0.9910770510508939,"meanMassEven":0.9910764913994446,"meanMassOdd":0.9910764913994449},"capSaturation":{"rho1":17,"rho2":17,"even":17,"odd":17},"solution":{"rho1":[0.462637505519919,1.1434485918570882,0.29298249811480565,7.507005108308415e-2,1.923498026632492e-2,4.928522899717045e-3,1.262821049812092e-3,3.2356895489723164e-4,8.290712970683007e-5,2.124305206724255e-5,5.443045281235952e-6,1.394655619155139e-6,3.573485421380386e-7,9.156237483597495e-8,2.346076028586433e-8,0.0,0.0,0.0],