{"status":"ok","parameters":{"massMin":0.7,"massMax":1.2e2,"nodes":18,"tailExponent":3.2,"capMultiplier":1.8,"precision":80},"totals":{"rho1":1.6,"rho2":2.4,"even":0.5,"odd":0.35},"masses":[0.7,0.9473592484172427,1.282127922230976,1.7351939211135694,2.348360012806171,3.1782008239216584,4.301282776956406,5.821228598296359,7.878278213924285,1.0662228182236072e1,1.4429943538823299e1,1.9529057808061264e1,2.6430047896202588e1,3.5769643300826026e1,4.8409574848033415e1,6.551608349175886e1,8.866752516570575e1,1.1999999999999997e2],"caps":{"rho1":[1.786398343797991,0.6783362060368101,0.2575797329962408,9.780890104340739e-2,3.714027113871836e-2,1.4103008269618937e-2,5.355233986043634e-3,2.0335045188236093e-3,7.721680581749911e-4,2.932098279332401e-4,1.1133846095606959e-4,4.227775370097317e-5,1.605382760504834e-5,6.096004593703842e-6,2.3147920184948666e-6,8.789793390939565e-7,3.337685080910266e-7,1.2673951711782139e-7],"rho2":[2.6795975156969862,1.0175043090552152,0.3863695994943612,0.1467133515651111,5.571040670807753e-2,2.1154512404428404e-2,8.032850979065451e-3,3.050256778235414e-3,1.1582520872624865e-3,4.398147418998601e-4,1.6700769143410438e-4,6.341663055145975e-5,2.4080741407572505e-5,9.144006890555762e-6,3.4721880277422997e-6,1.3184690086409346e-6,5.006527621365399e-7,1.901092756767321e-7],"even":[0.5582494824368721,0.21198006438650313,8.049366656132524e-2,3.0565281576064807e-2,1.1606334730849486e-2,4.407190084255917e-3,1.6735106206386356e-3,6.354701621323779e-4,2.413025181796847e-4,9.162807122913752e-5,3.479326904877174e-5,1.3211798031554114e-5,5.016821126577605e-6,1.9050014355324504e-6,7.233725057796458e-7,2.7468104346686137e-7,1.0430265877844581e-7,3.9606099099319185e-8],"odd":[0.39077463770581045,0.1483860450705522,5.634556659292767e-2,2.1395697103245365e-2,8.12443431159464e-3,3.085033058979142e-3,1.1714574344470448e-3,4.448291134926645e-4,1.689117627257793e-4,6.413964986039627e-5,2.435528833414022e-5,9.24825862208788e-6,3.5117747886043237e-6,1.3335010048727153e-6,5.06360754045752e-7,1.9227673042680296e-7,7.301186114491207e-8,2.7724269369523427e-8]},"ranges":{"a1":{"min":9.321665735607648e1,"max":2.3899271774200085e2},"a2":{"min":3.382727186368277e1,"max":1.7960333224960712e2},"f2":{"min":2.666308858453138e2,"max":6.835992820329857e2},"g2":{"min":1.22483563185191e3,"max":3.140284201839028e3}},"extremals":{"a1Min":{"status":"ok","tag":{"quantity":"a1","sense":"minimize"},"objectiveValue":9.32166573560765e1,"a1":9.321665735607648e1,"a2":5.9887796625412264e1,"f2":2.666308858453138e2,"g2":1.22483563185191e3,"massMoments":{"meanMassRho1":1.047803730647276,"meanMassRho2":1.047803730647276,"meanMassEven":1.0478037306472756,"meanMassOdd":1.0478037306472758},"capSaturation":{"rho1":17,"rho2":17,"even":17,"odd":17},"solution":{"rho1":[0.5063983437979902,0.6783362060368101,0.2575797329962408,9.780890104340739e-2,3.714027113871836e-2,1.4103008269618937e-2,5.355233986043634e-3,2.0335045188236093e-3,7.721680581749911e-4,2.932098279332401e-4,1.1133846095606959e-4,4.227775370097317e-5,1.605382760504834e-5,6.096004593703842e-6,2.3147920184948666e-6,8.789793390939565e-7,3.337685080910266e-7,1.2673951711782139e-7],"rho2":[0.7595975156969854,1.0175043090552152,0.3863695994943612,0.1467133515651111,5.571040670807753e-2,2.1154512404428404e-2,8.032850979065451e-3,3.050256778235414e-3,1.1582520872624865e-3,4.398147418998601e-4,1.6700769143410438e-4,6.341663055145975e-5,2.4080741407572505e-5,9.144006890555762e-6,3.4721880277422997e-6,1.3184690086409346e-6,5.006527621365399e-7,1.901092756767321e-7],"even":[0.15824948243687198,0.21198006438650313,8.049366656132524e-2,3.0565281576064807e-2,1.1606334730849486e-2,4.407190084255917e-3,1.6735106206386356e-3,6.354701621323779e-4,2.413025181796847e-4,9.162807122913752e-5,3.479326904877174e-5,1.3211798031554114e-5,5.016821126577605e-6,1.9050014355324504e-6,7.233725057796458e-7,2.7468104346686137e-7,1.0430265877844581e-7,3.9606099099319185e-8],"odd":[0.11077463770581034,0.1483860450705522,5.634556659292767e-2,2.1395697103245365e-2,8.12443431159464e-3,3.085033058979142e-3,1.1714574344470448e-3,4.448291134926645e-4,1.689117627257793e-4,6.413964986039627e-5,2.435528833414022e-5,9.24825862208788e-6,3.5117747886043237e-6,1.3335010048727153e-6,5.06360754045752e-7,1.9227673042680296e-7,7.301186114491207e-8,2.7724269369523427e-8]}},"a1Max":{"status":"ok","tag":{"quantity":"a1","sense":"maximize"},"objectiveValue":2.3899271774200085e2,"a1":2.3899271774200085e2,"a2":1.5354280748787764e2,"f2":6.835992820329857e2,"g2":3.140284201839028e3,"massMoments":{"meanMassRho1":0.7,"meanMassRho2":0.7,"meanMassEven":0.7,"meanMassOdd":0.7},"capSaturation":{"rho1":0,"rho2":0,"even":0,"odd":0},"solution":{"rho1":[1.6,0.0,0.0,0.0,0.0,0.0,0.0,0.0,0.0,0.0,0.0,0.0,0.0,0.0,0.0,0.0,0.0,0.0],"rho2":[2.4,0.0,0.0,0.0,0.0,0.0,0.0,0.0,0.0,0.0,0.0,0.0,0.0,0.0,0.0,0.0,0.0,0.0],"even":[0.5,0.0,0.0,0.0,0.0,0.0,0.0,0.0,0.0,0.0,0.0,0.0,0.0,0.0,0.0,0.0,0.0,0.0],"odd":[0.35,0.0,0.0,0.0,0.0,0.0,0.0,0.0,0.0,0.0,0.0,0.0,0.0,0.0,0.0,0.0,0.0,0.0]}},"a2Min":{"status":"ok","tag":{"quantity":"a2","sense":"minimize"},"objectiveValue":3.382727186368278e1,"a1":1.1927718211780598e2,"a2":3.382727186368277e1,"f2":6.835992820329857e2,"g2":1.22483563185191e3,"massMoments":{"meanMassRho1":0.7,"meanMassRho2":1.047803730647276,"meanMassEven":1.0478037306472756,"meanMassOdd":1.0478037306472758},"capSaturation":{"rho1":0,"rho2":17,"even":17,"odd":17},"solution":{"rho1":[1.6,0.0,0.0,0.0,0.0,0.0,0.0,0.0,0.0,0.0,0.0,0.0,0.0,0.0,0.0,0.0,0.0,0.0],"rho2":[0.7595975156969854,1.0175043090552152,0.3863695994943612,0.1467133515651111,5.571040670807753e-2,2.1154512404428404e-2,8.032850979065451e-3,3.050256778235414e-3,1.1582520872624865e-3,4.398147418998601e-4,1.6700769143410438e-4,6.341663055145975e-5,2.4080741407572505e-5,9.144006890555762e-6,3.4721880277422997e-6,1.3184690086409346e-6,5.006527621365399e-7,1.901092756767321e-7],"even":[0.15824948243687198,0.21198006438650313,8.049366656132524e-2,3.0565281576064807e-2,1.1606334730849486e-2,4.407190084255917e-3,1.6735106206386356e-3,6.354701621323779e-4,2.413025181796847e-4,9.162807122913752e-5,3.479326904877174e-5,1.3211798031554114e-5,5.016821126577605e-6,1.9050014355324504e-6,7.233725057796458e-7,2.7468104346686137e-7,1.0430265877844581e-7,3.9606099099319185e-8],"odd":[0.11077463770581034,0.1483860450705522,5.634556659292767e-2,2.1395697103245365e-2,8.12443431159464e-3,3.085033058979142e-3,1.1714574344470448e-3,4.448291134926645e-4,1.689117627257793e-4,6.413964986039627e-5,2.435528833414022e-5,9.24825862208788e-6,3.5117747886043237e-6,1.3335010048727153e-6,5.06360754045752e-7,1.9227673042680296e-7,7.301186114491207e-8,2.7724269369523427e-8]}},"a2Max":{"status":"ok","tag":{"quantity":"a2","sense":"maximize"},"objectiveValue":1.7960333224960712e2,"a1":2.1293219298027137e2,"a2":1.7960333224960712e2,"f2":2.666308858453138e2,"g2":3.140284201839028e3,"massMoments":{"meanMassRho1":1.047803730647276,"meanMassRho2":0.7,"meanMassEven":0.7,"meanMassOdd":0.7},"capSaturation":{"rho1":17,"rho2":0,"even":0,"odd":0},"solution":{"rho1":[0.5063983437979902,0.6783362060368101,0.2575797329962408,9.780890104340739e-2,3.714027113871836e-2,1.4103008269618937e-2,5.355233986043634e-3,2.0335045188236093e-3,7.721680581749911e-4,2.932098279332401e-4,1.1133846095606959e-4,4.227775370097317e-5,1.605382760504834e-5,6.096004593703842e-6,2.3147920184948666e-6,8.789793390939565e-7,3.337685080910266e-7,1.2673951711782139e-7],"rho2":[2.4,0.0,0.0,0.0,0.0,0.0,0.0,0.0,0.0,0.0,0.0,0.0,0.0,0.0,0.0,0.0,0.0,0.0],"even":[0.5,0.0,0.0,0.0,0.0,0.0,0.0,0.0,0.0,0.0,0.0,0.0,0.0,0.0,0.0,0.0,0.0,0.0],"odd":[0.35,0.0,0.0,0.0,0.0,0.0,0.0,0.0,0.0,0.0,0.0,0.0,0.0,0.0,0.0,0.0,0.0,0.0]}}},"directionScans":[{"status":"ok","tag":{"direction":[1.0,0.0],"sense":"minimize"},"objectiveValue":9.32166573560765e1,"a1":9.321665735607648e1,"a2":5.9887796625412264e1,"f2":2.666308858453138e2,"g2":1.22483563185191e3,"massMoments":{"meanMassRho1":1.047803730647276,"meanMassRho2":1.047803730647276,