{"status":"ok","subtractions":2,"prefactor":0.6366197723675814,"inputs":{"poleStrength":0.2,"heavyStrength":1.0,"heavyScale":3.0,"heavyThreshold":1.5,"growthPower":3.0,"tailExponent":6.5,"integrationMax":"Infinity","precision":60,"accuracyGoal":12,"precisionGoal":12,"maxRecursion":12,"schemeTolerance":1.0e-11,"intervalAbsTol":1.0e-10,"intervalRelTol":1.0e-6,"intervalTimeCap":6.0e1,"intervalMaxRefine":3,"intervalPrecisionBump":10,"intervalGoalBump":2,"intervalRecursionBump":2},"base":{"heavyIntegral":2.3599553772836835e-2,"heavyContribution":1.5023942550839883e-2,"renormalisedBound":7.511971275419941e-3,"intervals":{"heavyIntegral":{"center":2.3599553772836835e-2,"lower":2.3599553772836714e-2,"upper":2.3599553772836956e-2,"width":2.42861286636753e-16,"allowedWidth":2.3699553772836835e-8,"absTolerance":1.0e-10,"relTolerance":1.0e-6,"withinTolerance":true,"attempts":2},"renormalisedBound":{"center":7.511971275419941e-3,"lower":7.511971275419902e-3,"upper":7.5119712754199795e-3,"width":7.730514850779381e-17,"allowedWidth":7.54380226403832e-9,"absTolerance":3.183098861837907e-11,"relTolerance":1.0e-6,"withinTolerance":true,"attempts":2}}},"schemes":[{"status":"ok","scheme":"analytic","parameters":{},"heavyIntegral":2.3599553772836835e-2,"heavyContribution":1.5023942550839883e-2,"renormalisedBound":7.511971275419941e-3,"counterterm":0.0,"residual":0.0,"lostFraction":1.1102230246251565e-16,"intervals":{"heavyIntegral":{"center":2.3599553772836835e-2,"lower":2.3599553772836714e-2,"upper":2.3599553772836956e-2,"width":2.42861286636753e-16,"allowedWidth":2.3699553772836835e-8,"absTolerance":1.0e-10,"relTolerance":1.0e-6,"withinTolerance":true,"attempts":2},"renormalisedBound":{"center":7.511971275419941e-3,"lower":7.511971275419902e-3,"upper":7.5119712754199795e-3,"width":7.730514850779381e-17,"allowedWidth":7.54380226403832e-9,"absTolerance":3.183098861837907e-11,"relTolerance":1.0e-6,"withinTolerance":true,"attempts":2}}},{"status":"ok","scheme":"cutoff","parameters":{"sCut":0.25},"heavyIntegral":2.3599553772836835e-2,"heavyContribution":1.5023942550839883e-2,"renormalisedBound":7.511971275419941e-3,"counterterm":2.7162443621016807,"residual":0.0,"lostFraction":1.1102230246251565e-16,"intervals":{"heavyIntegral":{"center":2.3599553772836835e-2,"lower":2.3599553772836714e-2,"upper":2.3599553772836956e-2,"width":2.42861286636753e-16,"allowedWidth":2.3699553772836835e-8,"absTolerance":1.0e-10,"relTolerance":1.0e-6,"withinTolerance":true,"attempts":2},"renormalisedBound":{"center":7.511971275419941e-3,"lower":7.511971275419902e-3,"upper":7.5119712754199795e-3,"width":7.730514850779381e-17,"allowedWidth":7.54380226403832e-9,"absTolerance":3.183098861837907e-11,"relTolerance":1.0e-6,"withinTolerance":true,"attempts":2}}},{"status":"ok","scheme":"cutoff","parameters":{"sCut":0.15},"heavyIntegral":2.3599553772836835e-2,"heavyContribution":1.5023942550839883e-2,"renormalisedBound":7.511971275419941e-3,"counterterm":1.2575205380100375e1,"residual":0.0,"lostFraction":1.1102230246251565e-16,"intervals":{"heavyIntegral":{"center":2.3599553772836835e-2,"lower":2.3599553772836714e-2,"upper":2.3599553772836956e-2,"width":2.42861286636753e-16,"allowedWidth":2.3699553772836835e-8,"absTolerance":1.0e-10,"relTolerance":1.0e-6,"withinTolerance":true,"attempts":2},"renormalisedBound":{"center":7.511971275419941e-3,"lower":7.511971275419902e-3,"upper":7.5119712754199795e-3,"width":7.730514850779381e-17,"allowedWidth":7.54380226403832e-9,"absTolerance":3.183098861837907e-11,"relTolerance":1.0e-6,"withinTolerance":true,"attempts":2}}},{"status":"ok","scheme":"exclude_below","parameters":{"sMin":2.0},"heavyIntegral":2.253604973036696e-2,"heavyContribution":1.4346894849410707e-2,"renormalisedBound":7.173447424705354e-3,"counterterm":0.0,"residual":-3.385238507145876e-4,"lostFraction":4.5064582691134336e-2,"intervals":{"heavyIntegral":{"center":2.253604973036696e-2,"lower":2.253604973036684e-2,"upper":2.2536049730367082e-2,"width":2.42861286636753e-16,"allowedWidth":2.263604973036696e-8,"absTolerance":1.0e-10,"relTolerance":1.0e-6,"withinTolerance":true,"attempts":2},"renormalisedBound":{"center":7.173447424705354e-3,"lower":7.1734474247053155e-3,"upper":7.173447424705393e-3,"width":7.730514850779381e-17,"allowedWidth":7.205278413323733e-9,"absTolerance":3.183098861837907e-11,"relTolerance":1.0e-6,"withinTolerance":true,"attempts":2}}},{"status":"ok","scheme":"band_gap","parameters":{"sMin":2.0,"sMax":2.8},"heavyIntegral":1.6449123185718468e-2,"heavyContribution":1.0471837058138396e-2,"renormalisedBound":5.235918529069198e-3,"counterterm":0.0,"residual":-2.276052746350743e-3,"lostFraction":0.30299007582713444,"intervals":{"heavyIntegral":{"center":1.6449123185718468e-2,"lower":1.6449123185718343e-2,"upper":1.6449123185718593e-2,"width":2.498001805406602e-16,"allowedWidth":1.654912318571847e-8,"absTolerance":1.0e-10,"relTolerance":1.0e-6,"withinTolerance":true,"attempts":2},"renormalisedBound":{"center":5.235918529069198e-3,"lower":5.235918529069158e-3,"upper":5.235918529069238e-3,"width":7.951386703658792e-17,"allowedWidth":5.267749517687577e-9,"absTolerance":3.183098861837907e-11,"relTolerance":1.0e-6,"withinTolerance":true,"attempts":2}}}],"aggregate":{"schemeCount":5,"minBound":5.235918529069198e-3,"maxBound":7.511971275419941e-3,"spread":2.276052746350743e-3,"baseBound":7.511971275419941e-3,"consistentWithBase":false,"maxResidual":2.276052746350743e-3,"countertermSummary":{"maxCounterterm":1.2575205380100375e1,"minCounterterm":0.0},"lossStatistics":{"maxLoss":0.30299007582713444,"minLoss":1.1102230246251565e-16},"intervalCompliance":{"allSchemesWithinTolerance":true,"baseWithinTolerance":true,"maxWidth":7.951386703658792e-17,"maxAllowedWidth":7.54380226403832e-9}},"userCoefficient":{"provided":"NotProvided","schemeEvaluations":[]}}
