{"status":"ok","subtractions":2,"prefactor":0.6366197723675814,"inputs":{"poleStrength":0.2,"heavyStrength":2.5,"heavyScale":4.0,"heavyThreshold":1.2,"growthPower":2.8,"tailExponent":6.2,"integrationMax":"Infinity","precision":60,"accuracyGoal":12,"precisionGoal":12,"maxRecursion":12,"schemeTolerance":1.0e-11,"intervalAbsTol":1.0e-10,"intervalRelTol":1.0e-6,"intervalTimeCap":6.0e1,"intervalMaxRefine":3,"intervalPrecisionBump":10,"intervalGoalBump":2,"intervalRecursionBump":2},"base":{"heavyIntegral":0.15466293330823463,"heavyContribution":9.846148139639076e-2,"renormalisedBound":4.923074069819538e-2,"intervals":{"heavyIntegral":{"center":0.15466293330823463,"lower":0.15466293330823447,"upper":0.1546629333082348,"width":3.3306690738754696e-16,"allowedWidth":1.5476293330823464e-7,"absTolerance":1.0e-10,"relTolerance":1.0e-6,"withinTolerance":true,"attempts":2},"renormalisedBound":{"center":4.923074069819538e-2,"lower":4.923074069819532e-2,"upper":4.923074069819543e-2,"width":1.0601848938211722e-16,"allowedWidth":4.926257168681376e-8,"absTolerance":3.183098861837907e-11,"relTolerance":1.0e-6,"withinTolerance":true,"attempts":2}}},"schemes":[{"status":"ok","scheme":"analytic","parameters":{},"heavyIntegral":0.15466293330823463,"heavyContribution":9.846148139639076e-2,"renormalisedBound":4.923074069819538e-2,"counterterm":0.0,"residual":0.0,"lostFraction":0.0,"intervals":{"heavyIntegral":{"center":0.15466293330823463,"lower":0.15466293330823447,"upper":0.1546629333082348,"width":3.3306690738754696e-16,"allowedWidth":1.5476293330823464e-7,"absTolerance":1.0e-10,"relTolerance":1.0e-6,"withinTolerance":true,"attempts":2},"renormalisedBound":{"center":4.923074069819538e-2,"lower":4.923074069819532e-2,"upper":4.923074069819543e-2,"width":1.0601848938211722e-16,"allowedWidth":4.926257168681376e-8,"absTolerance":3.183098861837907e-11,"relTolerance":1.0e-6,"withinTolerance":true,"attempts":2}}},{"status":"ok","scheme":"cutoff","parameters":{"sCut":0.2},"heavyIntegral":0.15466293330823463,"heavyContribution":9.846148139639076e-2,"renormalisedBound":4.923074069819538e-2,"counterterm":5.305164769729844,"residual":0.0,"lostFraction":0.0,"intervals":{"heavyIntegral":{"center":0.15466293330823463,"lower":0.15466293330823447,"upper":0.1546629333082348,"width":3.3306690738754696e-16,"allowedWidth":1.5476293330823464e-7,"absTolerance":1.0e-10,"relTolerance":1.0e-6,"withinTolerance":true,"attempts":2},"renormalisedBound":{"center":4.923074069819538e-2,"lower":4.923074069819532e-2,"upper":4.923074069819543e-2,"width":1.0601848938211722e-16,"allowedWidth":4.926257168681376e-8,"absTolerance":3.183098861837907e-11,"relTolerance":1.0e-6,"withinTolerance":true,"attempts":2}}},{"status":"ok","scheme":"cutoff","parameters":{"sCut":0.12},"heavyIntegral":0.15466293330823463,"heavyContribution":9.846148139639076e-2,"renormalisedBound":4.923074069819538e-2,"counterterm":2.4560948008008545e1,"residual":0.0,"lostFraction":0.0,"intervals":{"heavyIntegral":{"center":0.15466293330823463,"lower":0.15466293330823447,"upper":0.1546629333082348,"width":3.3306690738754696e-16,"allowedWidth":1.5476293330823464e-7,"absTolerance":1.0e-10,"relTolerance":1.0e-6,"withinTolerance":true,"attempts":2},"renormalisedBound":{"center":4.923074069819538e-2,"lower":4.923074069819532e-2,"upper":4.923074069819543e-2,"width":1.0601848938211722e-16,"allowedWidth":4.926257168681376e-8,"absTolerance":3.183098861837907e-11,"relTolerance":1.0e-6,"withinTolerance":true,"attempts":2}}},{"status":"ok","scheme":"exclude_below","parameters":{"sMin":1.8},"heavyIntegral":0.14392688573423265,"heavyContribution":9.162670123370209e-2,"renormalisedBound":4.5813350616851045e-2,"counterterm":0.0,"residual":-3.4173900813443334e-3,"lostFraction":6.941577625846296e-2,"intervals":{"heavyIntegral":{"center":0.14392688573423265,"lower":0.1439268857342326,"upper":0.1439268857342327,"width":1.1102230246251565e-16,"allowedWidth":1.4402688573423265e-7,"absTolerance":1.0e-10,"relTolerance":1.0e-6,"withinTolerance":true,"attempts":2},"renormalisedBound":{"center":4.5813350616851045e-2,"lower":4.5813350616851024e-2,"upper":4.581335061685106e-2,"width":3.533949646070574e-17,"allowedWidth":4.584518160546942e-8,"absTolerance":3.183098861837907e-11,"relTolerance":1.0e-6,"withinTolerance":true,"attempts":2}}},{"status":"ok","scheme":"band_gap","parameters":{"sMin":1.8,"sMax":2.6},"heavyIntegral":0.10995601502171727,"heavyContribution":7.000017325357201e-2,"renormalisedBound":3.5000086626786005e-2,"counterterm":0.0,"residual":-1.4230654071409374e-2,"lostFraction":0.28906032835559226,"intervals":{"heavyIntegral":{"center":0.10995601502171727,"lower":0.109956015021717,"upper":0.10995601502171755,"width":5.551115123125783e-16,"allowedWidth":1.1005601502171725e-7,"absTolerance":1.0e-10,"relTolerance":1.0e-6,"withinTolerance":true,"attempts":2},"renormalisedBound":{"center":3.5000086626786005e-2,"lower":3.5000086626785915e-2,"upper":3.5000086626786095e-2,"width":1.7669748230352872e-16,"allowedWidth":3.503191761540438e-8,"absTolerance":3.183098861837907e-11,"relTolerance":1.0e-6,"withinTolerance":true,"attempts":2}}},{"status":"ok","scheme":"band_gap","parameters":{"sMin":2.2,"sMax":3.6},"heavyIntegral":8.57114168012007e-2,"heavyContribution":5.456558265328328e-2,"renormalisedBound":2.728279132664164e-2,"counterterm":0.0,"residual":-2.1947949371553737e-2,"lostFraction":0.44581797999147854,"intervals":{"heavyIntegral":{"center":8.57114168012007e-2,"lower":8.571141680120056e-2,"upper":8.571141680120084e-2,"width":2.7755575615628914e-16,"allowedWidth":8.58114168012007e-8,"absTolerance":1.0e-10,"relTolerance":1.0e-6,"withinTolerance":true,"attempts":2},"renormalisedBound":{"center":2.728279132664164e-2,"lower":2.7282791326641596e-2,"upper":2.7282791326641683e-2,"width":8.834874115176436e-17,"allowedWidth":2.7314622315260017e-8,"absTolerance":3.183098861837907e-11,"relTolerance":1.0e-6,"withinTolerance":true,"attempts":2}}}],"aggregate":{"schemeCount":6,"minBound":2.728279132664164e-2,"maxBound":4.923074069819538e-2,"spread":2.1947949371553737e-2,"baseBound":4.923074069819538e-2,"consistentWithBase":false,"maxResidual":2.1947949371553737e-2,"countertermSummary":{"maxCounterterm":2.4560948008008545e1,"minCounterterm":0.0},"lossStatistics":{"maxLoss":0.44581797999147854,"minLoss":0.0},"intervalCompliance":{"allSchemesWithinTolerance":true,"baseWithinTolerance":true,"maxWidth":1.7669748230352872e-16,"maxAllowedWidth":4.926257168681376e-8}},"userCoefficient":{"provided":8.0e-3,"schemeEvaluations":[{"scheme":"analytic","bound":4.923074069819538e-2,"margin":-4.123074069819538e-2,"satisfies":false},{"scheme":"cutoff","bound":4.923074069819538e-2,"margin":-4.123074069819538e-2,"satisfies":false},{"scheme":"cutoff","bound":4.923074069819538e-2,"margin":-4.123074069819538e-2,"satisfies":false},{"scheme":"exclude_below","bound":4.5813350616851045e-2,"margin":-3.7813350616851045e-2,"satisfies":false},{"scheme":"band_gap","bound":3.5000086626786005e-2,"margin":-2.7000086626786005e-2,"satisfies":false},{"scheme":"band_gap","bound":2.728279132664164e-2,"margin":-1.928279132664164e-2,"satisfies":false}]}}
